<?xml version="1.0" encoding="UTF-8"?>
<!DOCTYPE plist PUBLIC "-//Apple//DTD PLIST 1.0//EN" "http://www.apple.com/DTDs/PropertyList-1.0.dtd">
<plist version="1.0">
<dict>
	<key>ProjFilesArray</key>
	<array>
		<dict>
			<key>DestPath</key>
			<string>/Users/kareemahalsaleem/Desktop/THE_BEACH_BOY.cmproj/media/1418023471.803059/Slide01.jpg</string>
			<key>SourceInfoDict</key>
			<dict>
				<key>SourceInfoDict_SrcAliasData</key>
				<data>
				AAAAAAH0AAIAAAxNYWNpbnRvc2ggSEQAAAAAAAAAAAAA
				AAAAAADOqDULSCsAAABQgswLU2xpZGUwMS5qcGcAAAAA
				AAAAAAAAAAAAAAAAAAAAAAAAAAAAAAAAAAAAAAAAAAAA
				AAAAAAAAAAAAAAAAAAAAAFCC2NCqsBpKUEVHPz8/P///
				//8AAAkgAAAAAAAAAAAAAAAAAAAAETE0MTgwMjM0NzEu
				ODAzMDU5AAAQAAgAAM6oe1sAAAARAAgAANCq9moAAAAB
				ABgAUILMAFCAZABQgGIABPn4AAT5iQACEnoAAgBqTWFj
				aW50b3NoIEhEOlVzZXJzOgBrYXJlZW1haGFsc2FsZWVt
				OgBEZXNrdG9wOgBUSEVfQkVBQ0hfQk9ZLmNtcHJvajoA
				bWVkaWE6ADE0MTgwMjM0NzEuODAzMDU5OgBTbGlkZTAx
				LmpwZwAOABgACwBTAGwAaQBkAGUAMAAxAC4AagBwAGcA
				DwAaAAwATQBhAGMAaQBuAHQAbwBzAGgAIABIAEQAEgBX
				VXNlcnMva2FyZWVtYWhhbHNhbGVlbS9EZXNrdG9wL1RI
				RV9CRUFDSF9CT1kuY21wcm9qL21lZGlhLzE0MTgwMjM0
				NzEuODAzMDU5L1NsaWRlMDEuanBnAAATAAEvAAAVAAIA
				F///AAA=
				</data>
				<key>SourceInfoDict_SrcPath</key>
				<string>/Users/kareemahalsaleem/Desktop/THE_BEACH_BOY.cmproj/media/1418023471.803059/Slide01.jpg</string>
			</dict>
		</dict>
		<dict>
			<key>DestPath</key>
			<string>/Users/kareemahalsaleem/Desktop/THE_BEACH_BOY.cmproj/media/1418023471.836187/Slide02.jpg</string>
			<key>SourceInfoDict</key>
			<dict>
				<key>SourceInfoDict_SrcAliasData</key>
				<data>
				AAAAAAH0AAIAAAxNYWNpbnRvc2ggSEQAAAAAAAAAAAAA
				AAAAAADOqDULSCsAAABQgs0LU2xpZGUwMi5qcGcAAAAA
				AAAAAAAAAAAAAAAAAAAAAAAAAAAAAAAAAAAAAAAAAAAA
				AAAAAAAAAAAAAAAAAAAAAFCC29CqsBpKUEVHPz8/P///
				//8AAAkgAAAAAAAAAAAAAAAAAAAAETE0MTgwMjM0NzEu
				ODM2MTg3AAAQAAgAAM6oe1sAAAARAAgAANCq9moAAAAB
				ABgAUILNAFCAZABQgGIABPn4AAT5iQACEnoAAgBqTWFj
				aW50b3NoIEhEOlVzZXJzOgBrYXJlZW1haGFsc2FsZWVt
				OgBEZXNrdG9wOgBUSEVfQkVBQ0hfQk9ZLmNtcHJvajoA
				bWVkaWE6ADE0MTgwMjM0NzEuODM2MTg3OgBTbGlkZTAy
				LmpwZwAOABgACwBTAGwAaQBkAGUAMAAyAC4AagBwAGcA
				DwAaAAwATQBhAGMAaQBuAHQAbwBzAGgAIABIAEQAEgBX
				VXNlcnMva2FyZWVtYWhhbHNhbGVlbS9EZXNrdG9wL1RI
				RV9CRUFDSF9CT1kuY21wcm9qL21lZGlhLzE0MTgwMjM0
				NzEuODM2MTg3L1NsaWRlMDIuanBnAAATAAEvAAAVAAIA
				F///AAA=
				</data>
				<key>SourceInfoDict_SrcPath</key>
				<string>/Users/kareemahalsaleem/Desktop/THE_BEACH_BOY.cmproj/media/1418023471.836187/Slide02.jpg</string>
			</dict>
		</dict>
		<dict>
			<key>DestPath</key>
			<string>/Users/kareemahalsaleem/Desktop/THE_BEACH_BOY.cmproj/media/1418023471.836493/Slide03.jpg</string>
			<key>SourceInfoDict</key>
			<dict>
				<key>SourceInfoDict_SrcAliasData</key>
				<data>
				AAAAAAH0AAIAAAxNYWNpbnRvc2ggSEQAAAAAAAAAAAAA
				AAAAAADOqDULSCsAAABQgs4LU2xpZGUwMy5qcGcAAAAA
				AAAAAAAAAAAAAAAAAAAAAAAAAAAAAAAAAAAAAAAAAAAA
				AAAAAAAAAAAAAAAAAAAAAFCC3tCqsBpKUEVHPz8/P///
				//8AAAkgAAAAAAAAAAAAAAAAAAAAETE0MTgwMjM0NzEu
				ODM2NDkzAAAQAAgAAM6oe1sAAAARAAgAANCq9moAAAAB
				ABgAUILOAFCAZABQgGIABPn4AAT5iQACEnoAAgBqTWFj
				aW50b3NoIEhEOlVzZXJzOgBrYXJlZW1haGFsc2FsZWVt
				OgBEZXNrdG9wOgBUSEVfQkVBQ0hfQk9ZLmNtcHJvajoA
				bWVkaWE6ADE0MTgwMjM0NzEuODM2NDkzOgBTbGlkZTAz
				LmpwZwAOABgACwBTAGwAaQBkAGUAMAAzAC4AagBwAGcA
				DwAaAAwATQBhAGMAaQBuAHQAbwBzAGgAIABIAEQAEgBX
				VXNlcnMva2FyZWVtYWhhbHNhbGVlbS9EZXNrdG9wL1RI
				RV9CRUFDSF9CT1kuY21wcm9qL21lZGlhLzE0MTgwMjM0
				NzEuODM2NDkzL1NsaWRlMDMuanBnAAATAAEvAAAVAAIA
				F///AAA=
				</data>
				<key>SourceInfoDict_SrcPath</key>
				<string>/Users/kareemahalsaleem/Desktop/THE_BEACH_BOY.cmproj/media/1418023471.836493/Slide03.jpg</string>
			</dict>
		</dict>
		<dict>
			<key>DestPath</key>
			<string>/Users/kareemahalsaleem/Desktop/THE_BEACH_BOY.cmproj/media/1418023471.836676/Slide04.jpg</string>
			<key>SourceInfoDict</key>
			<dict>
				<key>SourceInfoDict_SrcAliasData</key>
				<data>
				AAAAAAH0AAIAAAxNYWNpbnRvc2ggSEQAAAAAAAAAAAAA
				AAAAAADOqDULSCsAAABQgs8LU2xpZGUwNC5qcGcAAAAA
				AAAAAAAAAAAAAAAAAAAAAAAAAAAAAAAAAAAAAAAAAAAA
				AAAAAAAAAAAAAAAAAAAAAFCC49CqsBpKUEVHPz8/P///
				//8AAAkgAAAAAAAAAAAAAAAAAAAAETE0MTgwMjM0NzEu
				ODM2Njc2AAAQAAgAAM6oe1sAAAARAAgAANCq9moAAAAB
				ABgAUILPAFCAZABQgGIABPn4AAT5iQACEnoAAgBqTWFj
				aW50b3NoIEhEOlVzZXJzOgBrYXJlZW1haGFsc2FsZWVt
				OgBEZXNrdG9wOgBUSEVfQkVBQ0hfQk9ZLmNtcHJvajoA
				bWVkaWE6ADE0MTgwMjM0NzEuODM2Njc2OgBTbGlkZTA0
				LmpwZwAOABgACwBTAGwAaQBkAGUAMAA0AC4AagBwAGcA
				DwAaAAwATQBhAGMAaQBuAHQAbwBzAGgAIABIAEQAEgBX
				VXNlcnMva2FyZWVtYWhhbHNhbGVlbS9EZXNrdG9wL1RI
				RV9CRUFDSF9CT1kuY21wcm9qL21lZGlhLzE0MTgwMjM0
				NzEuODM2Njc2L1NsaWRlMDQuanBnAAATAAEvAAAVAAIA
				F///AAA=
				</data>
				<key>SourceInfoDict_SrcPath</key>
				<string>/Users/kareemahalsaleem/Desktop/THE_BEACH_BOY.cmproj/media/1418023471.836676/Slide04.jpg</string>
			</dict>
		</dict>
		<dict>
			<key>DestPath</key>
			<string>/Users/kareemahalsaleem/Desktop/THE_BEACH_BOY.cmproj/media/1418023471.836827/Slide05.jpg</string>
			<key>SourceInfoDict</key>
			<dict>
				<key>SourceInfoDict_SrcAliasData</key>
				<data>
				AAAAAAH0AAIAAAxNYWNpbnRvc2ggSEQAAAAAAAAAAAAA
				AAAAAADOqDULSCsAAABQgtALU2xpZGUwNS5qcGcAAAAA
				AAAAAAAAAAAAAAAAAAAAAAAAAAAAAAAAAAAAAAAAAAAA
				AAAAAAAAAAAAAAAAAAAAAFCC5tCqsBpKUEVHPz8/P///
				//8AAAkgAAAAAAAAAAAAAAAAAAAAETE0MTgwMjM0NzEu
				ODM2ODI3AAAQAAgAAM6oe1sAAAARAAgAANCq9moAAAAB
				ABgAUILQAFCAZABQgGIABPn4AAT5iQACEnoAAgBqTWFj
				aW50b3NoIEhEOlVzZXJzOgBrYXJlZW1haGFsc2FsZWVt
				OgBEZXNrdG9wOgBUSEVfQkVBQ0hfQk9ZLmNtcHJvajoA
				bWVkaWE6ADE0MTgwMjM0NzEuODM2ODI3OgBTbGlkZTA1
				LmpwZwAOABgACwBTAGwAaQBkAGUAMAA1AC4AagBwAGcA
				DwAaAAwATQBhAGMAaQBuAHQAbwBzAGgAIABIAEQAEgBX
				VXNlcnMva2FyZWVtYWhhbHNhbGVlbS9EZXNrdG9wL1RI
				RV9CRUFDSF9CT1kuY21wcm9qL21lZGlhLzE0MTgwMjM0
				NzEuODM2ODI3L1NsaWRlMDUuanBnAAATAAEvAAAVAAIA
				F///AAA=
				</data>
				<key>SourceInfoDict_SrcPath</key>
				<string>/Users/kareemahalsaleem/Desktop/THE_BEACH_BOY.cmproj/media/1418023471.836827/Slide05.jpg</string>
			</dict>
		</dict>
		<dict>
			<key>DestPath</key>
			<string>/Users/kareemahalsaleem/Desktop/THE_BEACH_BOY.cmproj/media/1418023471.837002/Slide06.jpg</string>
			<key>SourceInfoDict</key>
			<dict>
				<key>SourceInfoDict_SrcAliasData</key>
				<data>
				AAAAAAH0AAIAAAxNYWNpbnRvc2ggSEQAAAAAAAAAAAAA
				AAAAAADOqDULSCsAAABQgtELU2xpZGUwNi5qcGcAAAAA
				AAAAAAAAAAAAAAAAAAAAAAAAAAAAAAAAAAAAAAAAAAAA
				AAAAAAAAAAAAAAAAAAAAAFCC6dCqsBpKUEVHPz8/P///
				//8AAAkgAAAAAAAAAAAAAAAAAAAAETE0MTgwMjM0NzEu
				ODM3MDAyAAAQAAgAAM6oe1sAAAARAAgAANCq9moAAAAB
				ABgAUILRAFCAZABQgGIABPn4AAT5iQACEnoAAgBqTWFj
				aW50b3NoIEhEOlVzZXJzOgBrYXJlZW1haGFsc2FsZWVt
				OgBEZXNrdG9wOgBUSEVfQkVBQ0hfQk9ZLmNtcHJvajoA
				bWVkaWE6ADE0MTgwMjM0NzEuODM3MDAyOgBTbGlkZTA2
				LmpwZwAOABgACwBTAGwAaQBkAGUAMAA2AC4AagBwAGcA
				DwAaAAwATQBhAGMAaQBuAHQAbwBzAGgAIABIAEQAEgBX
				VXNlcnMva2FyZWVtYWhhbHNhbGVlbS9EZXNrdG9wL1RI
				RV9CRUFDSF9CT1kuY21wcm9qL21lZGlhLzE0MTgwMjM0
				NzEuODM3MDAyL1NsaWRlMDYuanBnAAATAAEvAAAVAAIA
				F///AAA=
				</data>
				<key>SourceInfoDict_SrcPath</key>
				<string>/Users/kareemahalsaleem/Desktop/THE_BEACH_BOY.cmproj/media/1418023471.837002/Slide06.jpg</string>
			</dict>
		</dict>
		<dict>
			<key>DestPath</key>
			<string>/Users/kareemahalsaleem/Desktop/THE_BEACH_BOY.cmproj/media/1418023471.837171/Slide07.jpg</string>
			<key>SourceInfoDict</key>
			<dict>
				<key>SourceInfoDict_SrcAliasData</key>
				<data>
				AAAAAAH0AAIAAAxNYWNpbnRvc2ggSEQAAAAAAAAAAAAA
				AAAAAADOqDULSCsAAABQgtILU2xpZGUwNy5qcGcAAAAA
				AAAAAAAAAAAAAAAAAAAAAAAAAAAAAAAAAAAAAAAAAAAA
				AAAAAAAAAAAAAAAAAAAAAFCC7dCqsBpKUEVHPz8/P///
				//8AAAkgAAAAAAAAAAAAAAAAAAAAETE0MTgwMjM0NzEu
				ODM3MTcxAAAQAAgAAM6oe1sAAAARAAgAANCq9moAAAAB
				ABgAUILSAFCAZABQgGIABPn4AAT5iQACEnoAAgBqTWFj
				aW50b3NoIEhEOlVzZXJzOgBrYXJlZW1haGFsc2FsZWVt
				OgBEZXNrdG9wOgBUSEVfQkVBQ0hfQk9ZLmNtcHJvajoA
				bWVkaWE6ADE0MTgwMjM0NzEuODM3MTcxOgBTbGlkZTA3
				LmpwZwAOABgACwBTAGwAaQBkAGUAMAA3AC4AagBwAGcA
				DwAaAAwATQBhAGMAaQBuAHQAbwBzAGgAIABIAEQAEgBX
				VXNlcnMva2FyZWVtYWhhbHNhbGVlbS9EZXNrdG9wL1RI
				RV9CRUFDSF9CT1kuY21wcm9qL21lZGlhLzE0MTgwMjM0
				NzEuODM3MTcxL1NsaWRlMDcuanBnAAATAAEvAAAVAAIA
				F///AAA=
				</data>
				<key>SourceInfoDict_SrcPath</key>
				<string>/Users/kareemahalsaleem/Desktop/THE_BEACH_BOY.cmproj/media/1418023471.837171/Slide07.jpg</string>
			</dict>
		</dict>
		<dict>
			<key>DestPath</key>
			<string>/Users/kareemahalsaleem/Desktop/THE_BEACH_BOY.cmproj/media/1418023471.876758/Slide08.jpg</string>
			<key>SourceInfoDict</key>
			<dict>
				<key>SourceInfoDict_SrcAliasData</key>
				<data>
				AAAAAAH0AAIAAAxNYWNpbnRvc2ggSEQAAAAAAAAAAAAA
				AAAAAADOqDULSCsAAABQgtMLU2xpZGUwOC5qcGcAAAAA
				AAAAAAAAAAAAAAAAAAAAAAAAAAAAAAAAAAAAAAAAAAAA
				AAAAAAAAAAAAAAAAAAAAAFCC8NCqsBpKUEVHPz8/P///
				//8AAAkgAAAAAAAAAAAAAAAAAAAAETE0MTgwMjM0NzEu
				ODc2NzU4AAAQAAgAAM6oe1sAAAARAAgAANCq9moAAAAB
				ABgAUILTAFCAZABQgGIABPn4AAT5iQACEnoAAgBqTWFj
				aW50b3NoIEhEOlVzZXJzOgBrYXJlZW1haGFsc2FsZWVt
				OgBEZXNrdG9wOgBUSEVfQkVBQ0hfQk9ZLmNtcHJvajoA
				bWVkaWE6ADE0MTgwMjM0NzEuODc2NzU4OgBTbGlkZTA4
				LmpwZwAOABgACwBTAGwAaQBkAGUAMAA4AC4AagBwAGcA
				DwAaAAwATQBhAGMAaQBuAHQAbwBzAGgAIABIAEQAEgBX
				VXNlcnMva2FyZWVtYWhhbHNhbGVlbS9EZXNrdG9wL1RI
				RV9CRUFDSF9CT1kuY21wcm9qL21lZGlhLzE0MTgwMjM0
				NzEuODc2NzU4L1NsaWRlMDguanBnAAATAAEvAAAVAAIA
				F///AAA=
				</data>
				<key>SourceInfoDict_SrcPath</key>
				<string>/Users/kareemahalsaleem/Desktop/THE_BEACH_BOY.cmproj/media/1418023471.876758/Slide08.jpg</string>
			</dict>
		</dict>
		<dict>
			<key>DestPath</key>
			<string>/Users/kareemahalsaleem/Desktop/THE_BEACH_BOY.cmproj/media/1418023471.876987/Slide09.jpg</string>
			<key>SourceInfoDict</key>
			<dict>
				<key>SourceInfoDict_SrcAliasData</key>
				<data>
				AAAAAAH0AAIAAAxNYWNpbnRvc2ggSEQAAAAAAAAAAAAA
				AAAAAADOqDULSCsAAABQgtQLU2xpZGUwOS5qcGcAAAAA
				AAAAAAAAAAAAAAAAAAAAAAAAAAAAAAAAAAAAAAAAAAAA
				AAAAAAAAAAAAAAAAAAAAAFCC89CqsBtKUEVHPz8/P///
				//8AAAkgAAAAAAAAAAAAAAAAAAAAETE0MTgwMjM0NzEu
				ODc2OTg3AAAQAAgAAM6oe1sAAAARAAgAANCq9msAAAAB
				ABgAUILUAFCAZABQgGIABPn4AAT5iQACEnoAAgBqTWFj
				aW50b3NoIEhEOlVzZXJzOgBrYXJlZW1haGFsc2FsZWVt
				OgBEZXNrdG9wOgBUSEVfQkVBQ0hfQk9ZLmNtcHJvajoA
				bWVkaWE6ADE0MTgwMjM0NzEuODc2OTg3OgBTbGlkZTA5
				LmpwZwAOABgACwBTAGwAaQBkAGUAMAA5AC4AagBwAGcA
				DwAaAAwATQBhAGMAaQBuAHQAbwBzAGgAIABIAEQAEgBX
				VXNlcnMva2FyZWVtYWhhbHNhbGVlbS9EZXNrdG9wL1RI
				RV9CRUFDSF9CT1kuY21wcm9qL21lZGlhLzE0MTgwMjM0
				NzEuODc2OTg3L1NsaWRlMDkuanBnAAATAAEvAAAVAAIA
				F///AAA=
				</data>
				<key>SourceInfoDict_SrcPath</key>
				<string>/Users/kareemahalsaleem/Desktop/THE_BEACH_BOY.cmproj/media/1418023471.876987/Slide09.jpg</string>
			</dict>
		</dict>
		<dict>
			<key>DestPath</key>
			<string>/Users/kareemahalsaleem/Desktop/THE_BEACH_BOY.cmproj/media/1418023471.877156/Slide10.jpg</string>
			<key>SourceInfoDict</key>
			<dict>
				<key>SourceInfoDict_SrcAliasData</key>
				<data>
				AAAAAAH0AAIAAAxNYWNpbnRvc2ggSEQAAAAAAAAAAAAA
				AAAAAADOqDULSCsAAABQgtULU2xpZGUxMC5qcGcAAAAA
				AAAAAAAAAAAAAAAAAAAAAAAAAAAAAAAAAAAAAAAAAAAA
				AAAAAAAAAAAAAAAAAAAAAFCC9tCqsBtKUEVHPz8/P///
				//8AAAkgAAAAAAAAAAAAAAAAAAAAETE0MTgwMjM0NzEu
				ODc3MTU2AAAQAAgAAM6oe1sAAAARAAgAANCq9msAAAAB
				ABgAUILVAFCAZABQgGIABPn4AAT5iQACEnoAAgBqTWFj
				aW50b3NoIEhEOlVzZXJzOgBrYXJlZW1haGFsc2FsZWVt
				OgBEZXNrdG9wOgBUSEVfQkVBQ0hfQk9ZLmNtcHJvajoA
				bWVkaWE6ADE0MTgwMjM0NzEuODc3MTU2OgBTbGlkZTEw
				LmpwZwAOABgACwBTAGwAaQBkAGUAMQAwAC4AagBwAGcA
				DwAaAAwATQBhAGMAaQBuAHQAbwBzAGgAIABIAEQAEgBX
				VXNlcnMva2FyZWVtYWhhbHNhbGVlbS9EZXNrdG9wL1RI
				RV9CRUFDSF9CT1kuY21wcm9qL21lZGlhLzE0MTgwMjM0
				NzEuODc3MTU2L1NsaWRlMTAuanBnAAATAAEvAAAVAAIA
				F///AAA=
				</data>
				<key>SourceInfoDict_SrcPath</key>
				<string>/Users/kareemahalsaleem/Desktop/THE_BEACH_BOY.cmproj/media/1418023471.877156/Slide10.jpg</string>
			</dict>
		</dict>
		<dict>
			<key>DestPath</key>
			<string>/Users/kareemahalsaleem/Desktop/THE_BEACH_BOY.cmproj/media/1418023471.877347/Beach Boys #3.mp3</string>
			<key>SourceInfoDict</key>
			<dict>
				<key>SourceInfoDict_SrcAliasData</key>
				<data>
				AAAAAAIMAAIAAAxNYWNpbnRvc2ggSEQAAAAAAAAAAAAA
				AAAAAADOqDULSCsAAABQgtYRQmVhY2ggQm95cyAjMy5t
				cDMAAAAAAAAAAAAAAAAAAAAAAAAAAAAAAAAAAAAAAAAA
				AAAAAAAAAAAAAAAAAAAAAFCC+NCBOwwAAAAAAAAAAP//
				//8AAAkgAAAAAAAAAAAAAAAAAAAAETE0MTgwMjM0NzEu
				ODc3MzQ3AAAQAAgAAM6oe1sAAAARAAgAANCBgVwAAAAB
				ABgAUILWAFCAZABQgGIABPn4AAT5iQACEnoAAgBwTWFj
				aW50b3NoIEhEOlVzZXJzOgBrYXJlZW1haGFsc2FsZWVt
				OgBEZXNrdG9wOgBUSEVfQkVBQ0hfQk9ZLmNtcHJvajoA
				bWVkaWE6ADE0MTgwMjM0NzEuODc3MzQ3OgBCZWFjaCBC
				b3lzICMzLm1wMwAOACQAEQBCAGUAYQBjAGgAIABCAG8A
				eQBzACAAIwAzAC4AbQBwADMADwAaAAwATQBhAGMAaQBu
				AHQAbwBzAGgAIABIAEQAEgBdVXNlcnMva2FyZWVtYWhh
				bHNhbGVlbS9EZXNrdG9wL1RIRV9CRUFDSF9CT1kuY21w
				cm9qL21lZGlhLzE0MTgwMjM0NzEuODc3MzQ3L0JlYWNo
				IEJveXMgIzMubXAzAAATAAEvAAAVAAIAF///AAA=
				</data>
				<key>SourceInfoDict_SrcPath</key>
				<string>/Users/kareemahalsaleem/Desktop/THE_BEACH_BOY.cmproj/media/1418023471.877347/Beach Boys #3.mp3</string>
			</dict>
		</dict>
	</array>
</dict>
</plist>
