<?xml version="1.0" encoding="utf-8" ?><x:xmpmeta xmlns:x="adobe:ns:meta/" ><rdf:RDF xmlns:rdf="http://www.w3.org/1999/02/22-rdf-syntax-ns#" xmlns:xmp="http://ns.adobe.com/xap/1.0/" xmlns:xmpDM="http://ns.adobe.com/xmp/1.0/DynamicMedia/" xmlns:xmpG="http://ns.adobe.com/xap/1.0/g/" xmlns:tsc="http://www.techsmith.com/xmp/tsc/" xmlns:tscDM="http://www.techsmith.com/xmp/tscDM/" xmlns:tscHS="http://www.techsmith.com/xmp/tscHS/" xmlns:stDim="http://ns.adobe.com/xap/1.0/sType/Dimensions#" xmlns:stFnt="http://ns.adobe.com/xap/1.0/sType/Font#" xmlns:dc="http://purl.org/dc/elements/1.1/" ><rdf:Description tsc:version="2.0.0" dc:title="THE_BEACH_BOY" dc:date="2014-12-08T07:42:37-5:00" dc:creator="" dc:Description="" dc:source="Camtasia Mac - 2.9.1" tscDM:iPodExplicit="false" tscDM:keywords="" tscDM:thumbnail="" tscDM:firstFrame="" ><xmpDM:duration xmpDM:scale="1/1000" xmpDM:value="310600" ></xmpDM:duration><xmpDM:videoFrameSize stDim:unit="pixel" stDim:w="1152" stDim:h="720" ></xmpDM:videoFrameSize><tsc:langName><rdf:Bag><rdf:li xml:lang="en-US">English</rdf:li></rdf:Bag></tsc:langName><xmpDM:Tracks><rdf:Bag></rdf:Bag></xmpDM:Tracks><tscDM:controller><rdf:Description xmpDM:name="tscplayer" ><tscDM:parameters><rdf:Bag><rdf:li xmpDM:name="autohide" xmpDM:value="true" ></rdf:li><rdf:li xmpDM:name="autoplay" xmpDM:value="false" ></rdf:li><rdf:li xmpDM:name="backgroundcolor" xmpDM:value="000000" ></rdf:li><rdf:li xmpDM:name="captionsenabled" xmpDM:value="false" ></rdf:li><rdf:li xmpDM:name="endaction" xmpDM:value="stop" ></rdf:li><rdf:li xmpDM:name="endactionparam" xmpDM:value="true" ></rdf:li><rdf:li xmpDM:name="locale" xmpDM:value="en-US" ></rdf:li><rdf:li xmpDM:name="searchable" xmpDM:value="true" ></rdf:li><rdf:li xmpDM:name="sidebarenabled" xmpDM:value="false" ></rdf:li><rdf:li xmpDM:name="sidebarlocation" xmpDM:value="left" ></rdf:li><rdf:li xmpDM:name="unicodeenabled" xmpDM:value="false" ></rdf:li></rdf:Bag></tscDM:parameters><tscDM:controllerText><rdf:Bag><rdf:li><rdf:Description xmp:label="localSecurityError" ><tscDM:localizedText><rdf:Alt><rdf:li xml:lang="en-US">Certain features in your video are currently disabled due to Local Network Security. These features work correctly when the video is played from a Website or Server.</rdf:li></rdf:Alt></tscDM:localizedText></rdf:Description></rdf:li><rdf:li><rdf:Description xmp:label="replayButtonText" ><tscDM:localizedText><rdf:Alt><rdf:li xml:lang="en-US">Replay</rdf:li></rdf:Alt></tscDM:localizedText></rdf:Description></rdf:li><rdf:li><rdf:Description xmp:label="resultText" ><tscDM:localizedText><rdf:Alt><rdf:li xml:lang="en-US">Results Found</rdf:li></rdf:Alt></tscDM:localizedText></rdf:Description></rdf:li><rdf:li><rdf:Description xmp:label="searchFullscreenText" ><tscDM:localizedText><rdf:Alt><rdf:li xml:lang="en-US">Search disabled in full screen mode</rdf:li></rdf:Alt></tscDM:localizedText></rdf:Description></rdf:li><rdf:li><rdf:Description xmp:label="searchText" ><tscDM:localizedText><rdf:Alt><rdf:li xml:lang="en-US">Search</rdf:li></rdf:Alt></tscDM:localizedText></rdf:Description></rdf:li></rdf:Bag></tscDM:controllerText></rdf:Description></tscDM:controller><tscDM:contentList><rdf:Description><tscDM:files><rdf:Seq><rdf:li xmpDM:name="1" xmpDM:value="THE_BEACH_BOY.mp4"></rdf:li></rdf:Seq></tscDM:files></rdf:Description></tscDM:contentList></rdf:Description></rdf:RDF></x:xmpmeta>